Nodes,Gauss-Seidel,Richardson,SSOR
1,88.4543,51.0312,82.3034
2,45.7662,27.6349,49.7709
4,21.8768,8.84494,24.7603
8,11.6304,5.20148,12.499
